id,name,model_id:id,group_id:id,perm_read,perm_write,perm_create,perm_unlink
access_appraisal_template_hr,appraisal.template.hr,model_appraisal_template,group_pms_hr_manager,1,1,1,1
access_appraisal_template_reviewer,appraisal.template.reviewer,model_appraisal_template,group_pms_reviewer,1,0,0,0
access_appraisal_template_supervisor,appraisal.template.supervisor,model_appraisal_template,group_pms_supervisor,1,0,0,0
access_appraisal_template_employee,appraisal.template.employee,model_appraisal_template,group_pms_employee,1,0,0,0

access_appraisal_kra_hr,appraisal.kra.hr,model_appraisal_kra,group_pms_hr_manager,1,1,1,1
access_appraisal_kra_reviewer,appraisal.kra.reviewer,model_appraisal_kra,group_pms_reviewer,1,0,0,0
access_appraisal_kra_supervisor,appraisal.kra.supervisor,model_appraisal_kra,group_pms_supervisor,1,0,0,0
access_appraisal_kra_employee,appraisal.kra.employee,model_appraisal_kra,group_pms_employee,1,0,0,0

access_appraisal_kpi_hr,appraisal.kpi.hr,model_appraisal_kpi,group_pms_hr_manager,1,1,1,1
access_appraisal_kpi_reviewer,appraisal.kpi.reviewer,model_appraisal_kpi,group_pms_reviewer,1,0,0,0
access_appraisal_kpi_supervisor,appraisal.kpi.supervisor,model_appraisal_kpi,group_pms_supervisor,1,0,0,0
access_appraisal_kpi_employee,appraisal.kpi.employee,model_appraisal_kpi,group_pms_employee,1,1,1,0

access_pms_cycle_hr,pms.cycle.hr,model_pms_cycle,group_pms_hr_manager,1,1,1,1
access_pms_cycle_reviewer,pms.cycle.reviewer,model_pms_cycle,group_pms_reviewer,1,0,0,0
access_pms_cycle_supervisor,pms.cycle.supervisor,model_pms_cycle,group_pms_supervisor,1,0,0,0
access_pms_cycle_employee,pms.cycle.employee,model_pms_cycle,group_pms_employee,1,0,0,0

access_pms_appraisal_hr,pms.appraisal.hr,model_pms_appraisal,group_pms_hr_manager,1,1,1,1
access_pms_appraisal_reviewer_role,pms.appraisal.reviewer,model_pms_appraisal,group_pms_reviewer,1,1,0,0
access_pms_appraisal_supervisor,pms.appraisal.supervisor,model_pms_appraisal,group_pms_supervisor,1,1,0,0
access_pms_appraisal_employee,pms.appraisal.employee,model_pms_appraisal,group_pms_employee,1,1,0,0

access_pms_appraisal_kra_hr,pms.appraisal.kra.hr,model_pms_appraisal_kra,group_pms_hr_manager,1,1,1,1
access_pms_appraisal_kra_reviewer_role,pms.appraisal.kra.reviewer,model_pms_appraisal_kra,group_pms_reviewer,1,1,0,0
access_pms_appraisal_kra_supervisor,pms.appraisal.kra.supervisor,model_pms_appraisal_kra,group_pms_supervisor,1,1,0,0
access_pms_appraisal_kra_employee,pms.appraisal.kra.employee,model_pms_appraisal_kra,group_pms_employee,1,1,0,0

access_pms_appraisal_kpi_hr,pms.appraisal.kpi.hr,model_pms_appraisal_kpi,group_pms_hr_manager,1,1,1,1
access_pms_appraisal_kpi_reviewer_role,pms.appraisal.kpi.reviewer,model_pms_appraisal_kpi,group_pms_reviewer,1,1,0,0
access_pms_appraisal_kpi_supervisor,pms.appraisal.kpi.supervisor,model_pms_appraisal_kpi,group_pms_supervisor,1,1,0,0
access_pms_appraisal_kpi_employee,pms.appraisal.kpi.employee,model_pms_appraisal_kpi,group_pms_employee,1,1,1,1

access_pms_scoring_engine_hr,pms.scoring.engine.hr,model_pms_scoring_engine,hr_employee_evaluation.group_pms_hr_manager,1,1,1,1
access_pms_scoring_engine_reviewer,pms.scoring.engine.reviewer,model_pms_scoring_engine,hr_employee_evaluation.group_pms_reviewer,1,0,0,0
access_pms_scoring_engine_supervisor,pms.scoring.engine.supervisor,model_pms_scoring_engine,hr_employee_evaluation.group_pms_supervisor,1,0,0,0
access_pms_scoring_engine_employee,pms.scoring.engine.employee,model_pms_scoring_engine,hr_employee_evaluation.group_pms_employee,1,0,0,0

access_pms_scoring_engine_line_hr,pms.scoring.engine.line.hr,model_pms_scoring_engine_line,hr_employee_evaluation.group_pms_hr_manager,1,1,1,1
access_pms_scoring_engine_line_reviewer,pms.scoring.engine.line.reviewer,model_pms_scoring_engine_line,hr_employee_evaluation.group_pms_reviewer,1,0,0,0
access_pms_scoring_engine_line_supervisor,pms.scoring.engine.line.supervisor,model_pms_scoring_engine_line,hr_employee_evaluation.group_pms_supervisor,1,0,0,0
access_pms_scoring_engine_line_employee,pms.scoring.engine.line.employee,model_pms_scoring_engine_line,hr_employee_evaluation.group_pms_employee,1,0,0,0

access_appraisal_competency_score_employee,appraisal.competency.score.employee,model_appraisal_competency_score,hr_employee_evaluation.group_pms_employee,1,1,1,0
access_appraisal_competency_score_supervisor,appraisal.competency.score.supervisor,model_appraisal_competency_score,hr_employee_evaluation.group_pms_supervisor,1,1,1,0
access_appraisal_competency_score_reviewer,appraisal.competency.score.reviewer,model_appraisal_competency_score,hr_employee_evaluation.group_pms_reviewer,1,1,1,0
access_appraisal_competency_score_hr,appraisal.competency.score.hr,model_appraisal_competency_score,hr_employee_evaluation.group_pms_hr_manager,1,1,1,1

access_competency_framework_template_hr,competency.framework.template.hr,model_competency_framework_template,hr_employee_evaluation.group_pms_hr_manager,1,1,1,1
access_competency_framework_template_emp,competency.framework.template.emp,model_competency_framework_template,hr_employee_evaluation.group_pms_employee,1,0,0,0

access_competency_framework_group_hr,competency.framework.group.hr,model_competency_framework_group,hr_employee_evaluation.group_pms_hr_manager,1,1,1,1
access_competency_framework_group_emp,competency.framework.group.emp,model_competency_framework_group,hr_employee_evaluation.group_pms_employee,1,0,0,0

access_competency_framework_line_hr,competency.framework.line.hr,model_competency_framework_line,hr_employee_evaluation.group_pms_hr_manager,1,1,1,1
access_competency_framework_line_emp,competency.framework.line.emp,model_competency_framework_line,hr_employee_evaluation.group_pms_employee,1,0,0,0

access_pms_adhoc_activity_user,pms.adhoc.activity.user,model_pms_adhoc_activity,base.group_user,1,1,1,1
access_pms_adhoc_activity_supervisor,pms.adhoc.activity.supervisor,model_pms_adhoc_activity,hr_employee_evaluation.group_pms_supervisor,1,0,0,0
access_pms_adhoc_activity_hr,pms.adhoc.activity.hr,model_pms_adhoc_activity,hr_employee_evaluation.group_pms_hr_manager,1,1,1,1